{
  "model": "Independent Cascade",
  "time_bin_minutes": 60,
  "n_simulations": 20,
  "cv": "leave-one-event-out",
  "lambdas": {
    "false": {
      "mean": 0.31669226830517155,
      "std": 0.21020369101827419,
      "n_threads": 837
    },
    "unverified": {
      "mean": 0.3455249037308251,
      "std": 0.19907561008959704,
      "n_threads": 4526
    }
  }
}