{
  "n_nodes": 17171,
  "n_edges": 35805,
  "density_directed": 0.00012144448420046436,
  "density_undirected": 0.00020011798820911597,
  "reciprocity": 0.3521854489596425,
  "gini_in_degree": 0.4006799557497377,
  "gini_ug_degree": 0.4780882311425748,
  "freeman_centralization_UG": 0.02700162925194679,
  "wcc_count": 180,
  "wcc_max": 16612,
  "scc_count": 10470,
  "scc_max": 2250,
  "transitivity": 0.008977766057947839,
  "avg_clustering": 0.12363270225480302,
  "assortativity_degree": -0.11200844706686933,
  "community_algo": "greedy_modularity",
  "modularity": 0.834961890313176,
  "in_degree_mean": 2.085201793721973,
  "out_degree_mean": 2.085201793721973,
  "in_strength_mean": 3.2917710092597985,
  "out_strength_mean": 3.2917710092597985
}