,in_degree,out_degree,in_strength,out_strength,pagerank,betweenness,participation_coeff
in_degree,1.0,0.6307194667706202,0.9881262949074384,0.6380183872932291,0.5830299017042653,0.5642961518809079,0.5520504400553066
out_degree,0.6307194667706202,1.0,0.6609751154234423,0.9938188961891131,0.4339731841983493,0.520924096879538,0.3394355072720774
in_strength,0.9881262949074384,0.6609751154234423,1.0,0.6768459830132457,0.6044487297558254,0.5447999157345196,0.5129881384836
out_strength,0.6380183872932291,0.9938188961891131,0.6768459830132457,1.0,0.45372033695222325,0.5138094736193205,0.33037292899094345
pagerank,0.5830299017042653,0.4339731841983493,0.6044487297558254,0.45372033695222325,1.0,0.2558610894663036,0.14415323348091955
betweenness,0.5642961518809079,0.520924096879538,0.5447999157345196,0.5138094736193205,0.2558610894663036,1.0,0.6567773259061921
participation_coeff,0.5520504400553066,0.3394355072720774,0.5129881384836,0.33037292899094345,0.14415323348091955,0.6567773259061921,1.0
